timestamp,temperature,humidity,pressure,altitude,light,door_angle
2025/1/5 18:18,20.02,53.91309,92383.34,772.4257,36.49657,0
2025/1/5 18:21,20.33,53.07324,92371.98,773.4448,36.12009,0
2025/1/5 18:21,20.33,53.06055,92361.24,774.4083,36.02663,0
2025/1/5 18:21,20.32,53.0459,92367.77,773.8231,36.26076,0
2025/1/5 18:21,20.33,53.05957,92365.84,773.9954,36.35488,0
2025/1/5 18:22,20.33,53.00977,92363.16,774.2365,36.26076,0
2025/1/5 18:22,20.33,52.71387,92363.92,774.1682,36.97331,0
2025/1/5 18:22,20.33,52.99805,92363.16,774.2365,36.26076,0
2025/1/5 18:22,20.33,52.93652,92361.24,774.4083,0,0
2025/1/5 18:22,20.36,53.28516,92367.77,773.8231,36.92532,0
2025/1/5 18:24,20.44,53.91406,92355.12,774.9578,36.63887,0
2025/1/5 18:24,20.43,53.56543,92361.64,774.3725,36.07333,90
2025/1/5 18:24,20.44,53.43262,92353.23,775.1279,36.16691,90
2025/1/5 18:24,20.44,53.32129,92350.54,775.3691,2953.588,90
2025/1/5 18:25,20.45,53.24707,92345.94,775.7815,4367.046,90
2025/1/5 18:25,20.45,53.19727,92346.73,775.71,46.0159,90
2025/1/5 18:25,20.45,53.06152,92349.41,775.4699,37.457,0
2025/1/5 18:25,20.45,53.02441,92341.36,776.1923,38.39565,0
2025/1/5 18:25,20.45,52.97461,92345.94,775.7815,37.89837,0
2025/1/5 18:25,20.44,52.80078,92345.16,775.8514,40.4066,0
2025/1/5 18:25,20.46,52.61719,92348.27,775.5729,36.97331,0
2025/1/5 18:26,20.45,52.61523,92343.25,776.0227,37.7506,0
2025/1/5 18:26,20.46,52.6416,92348.27,775.5729,37.31115,0
2025/1/5 18:26,20.45,52.63965,92341.36,776.1923,37.21428,0
2025/1/5 18:26,20.46,52.56641,92334.06,776.8476,37.31115,0
2025/1/5 18:26,20.46,52.66602,92336.75,776.6064,37.11768,0
2025/1/5 18:26,20.46,52.66699,92337.52,776.5376,36.82957,0
2025/1/5 18:26,20.45,52.67676,92335.98,776.6758,36.82957,0
2025/1/5 18:26,20.45,52.63965,92345.94,775.7815,37.50576,0
2025/1/5 18:26,20.47,52.58105,92347.11,775.6764,37.31115,0
2025/1/5 18:27,20.46,52.79102,92337.52,776.5376,37.55458,0
2025/1/5 18:27,20.48,52.74316,92342.5,776.0905,39.93214,0
2025/1/5 18:27,20.48,52.69336,92345.19,775.8492,36.92532,0
2025/1/5 18:27,20.47,52.64355,92344.42,775.9175,0,0
2025/1/5 18:27,20.48,52.0498,92340.58,776.2628,0,0
2025/1/5 18:27,20.45,52.67676,92333.3,776.9159,40.14223,0
2025/1/5 18:28,20.49,52.62012,92342.11,776.1251,36.82957,0
2025/1/5 18:28,20.49,52.37207,92344.8,775.8834,37.65245,0
2025/1/5 18:28,20.48,52.56934,92340.58,776.2628,29.6011,0
2025/1/5 18:28,20.49,52.58301,92339.43,776.3658,36.92532,0
2025/1/5 18:28,20.48,52.38379,92340.58,776.2628,37.70149,0
2025/1/5 18:29,20.49,52.49512,92338.66,776.4351,37.99725,0
2025/1/5 18:29,20.49,52.48438,92344.8,775.8834,37.70149,90
2025/1/5 18:29,20.49,52.50879,92342.11,776.1251,38.5966,90
2025/1/5 18:29,20.49,52.4834,92346.72,775.7116,38.54625,90
2025/1/5 18:29,20.5,52.48633,92340.99,776.2254,37.89837,90
2025/1/5 18:29,20.49,52.44629,92333.28,776.9175,38.2457,90
2025/1/5 18:29,20.49,52.48438,92328.67,777.3311,38.54625,90
2025/1/5 18:29,20.49,52.42188,92331.36,777.0899,38.5966,90
2025/1/5 18:29,20.49,52.41016,92331.36,777.0899,30.21168,0
2025/1/5 18:30,20.5,52.38672,92332.93,777.1902,37.21428,0
2025/1/5 18:31,20.53,52.11719,92329.47,777.2596,38.2956,0
2025/1/5 18:31,20.51,52.33789,92325.63,777.6038,37.99725,0
2025/1/5 18:31,20.51,52.31348,92328.32,777.3625,38.49598,0
2025/1/5 18:31,20.51,52.36328,92328.32,777.3625,40.24774,0
2025/1/5 18:31,20.52,52.31445,92330.63,777.156,38.49598,0
2025/1/5 18:32,20.51,52.33789,92325.63,777.6038,40.94133,0
2025/1/5 18:32,20.51,52.33789,92329.09,777.2943,40.88749,0
2025/1/5 18:32,20.54,52.30371,92327.55,777.4325,38.49598,0
2025/1/5 18:32,20.5,52.34961,92324.87,777.6726,38.39565,0
2025/1/5 18:32,20.55,52.30469,92331.77,777.0536,38.2956,0
2025/1/5 18:32,20.55,52.29297,92334.45,776.8124,37.7506,0
2025/1/5 18:32,20.53,52.2041,92332.16,777.0184,38.19587,0
2025/1/5 18:32,20.55,52.31738,92331.77,777.0536,38.19587,0
2025/1/5 18:32,20.54,52.31738,92331,777.1224,38.39565,0
2025/1/5 18:32,20.54,52.34277,92331,777.1224,38.2457,0
2025/1/5 18:32,20.54,52.30371,92330.23,777.1913,37.50576,0
2025/1/5 18:32,20.54,52.33008,92322.94,777.8461,38.09641,0
2025/1/5 18:32,20.54,52.30469,92328.31,777.3636,37.60349,0
2025/1/5 18:32,20.54,52.34277,92322.94,777.8461,38.19587,0
2025/1/5 18:32,20.54,52.30469,92322.94,777.8461,37.65245,0
2025/1/5 18:32,20.54,52.34277,92328.31,777.3636,38.39565,0
2025/1/5 18:32,20.54,52.36719,92320.25,778.0873,38.19587,0
2025/1/5 18:32,20.54,52.36719,92320.25,778.0873,38.19587,0
2025/1/5 18:32,20.55,52.31738,92332.53,776.9847,38.39565,0
2025/1/5 18:32,20.55,52.30469,92327.16,777.4672,37.40832,0
2025/1/5 18:32,20.56,52.30566,92325.23,777.6395,37.40832,0
2025/1/5 18:32,20.55,52.30469,92323.7,777.7772,38.44577,0
2025/1/5 18:32,20.55,52.30469,92323.7,777.7772,37.7506,0
2025/1/5 18:32,20.55,52.29297,92318.33,778.2597,37.50576,0
2025/1/5 18:32,20.55,52.29297,92321.02,778.0184,37.60349,0
2025/1/5 18:32,20.55,52.29297,92316.41,778.4321,0,0
2025/1/5 18:32,20.56,52.28125,92322.55,777.8807,0,0
2025/1/5 18:32,20.56,52.36816,92317.17,778.3632,0,0
2025/1/5 18:32,20.56,52.65332,92325.23,777.6395,0,0
2025/1/5 18:32,20.55,52.875,92321.78,778.1909,0,0
2025/1/5 18:32,20.56,53.0625,92317.97,778.2917,0,0
2025/1/5 18:32,20.56,53.0498,92317.17,778.3632,0,0
2025/1/5 18:32,20.56,53.19824,92317.17,778.122,0,0
2025/1/5 18:32,20.56,53.09863,92314.48,778.6044,0,0
2025/1/5 18:32,20.56,53.0625,92320.66,778.0504,0,0
2025/1/5 18:32,20.57,53.02637,92324.11,777.7409,0,0
2025/1/5 18:32,20.57,53.06348,92324.11,777.7409,0,0
2025/1/5 18:32,20.57,52.98926,92319.5,778.1545,0,0
2025/1/5 18:32,20.56,53.02441,92322.55,777.8807,0,0
2025/1/5 18:32,20.57,52.90234,92319.5,778.1545,0,0
2025/1/5 18:32,20.57,53.03906,92322.19,778.3958,0,0
2025/1/5 18:32,20.57,52.89063,92322.19,777.9133,0,0
2025/1/5 18:32,20.57,52.84082,92327.56,777.4308,35.1521,0
2025/1/5 18:32,20.58,52.8291,92322.95,777.8444,34.43373,0
2025/1/5 18:32,20.56,52.81348,92322.55,777.8807,34.52263,0
2025/1/5 18:32,20.57,52.7793,92324.11,777.7409,36.78178,0
2025/1/5 18:32,20.57,52.7793,92324.11,777.7409,37.457,0
2025/1/5 18:32,20.57,52.66699,92324.11,777.4997,37.70149,0
2025/1/5 18:32,20.57,52.85352,92326.8,777.4997,37.7506,0
2025/1/5 18:32,20.57,52.85352,92330.26,777.1891,37.79979,0
2025/1/5 18:32,20.56,52.74023,92331.41,777.0856,37.7506,0
2025/1/5 18:33,20.58,52.63086,92329.1,777.2926,3706.547,0
2025/1/5 18:33,20.58,52.63086,92329.1,777.2926,3650.057,0
2025/1/5 18:33,20.59,52.59473,92332.56,776.9821,3247.063,0
2025/1/5 18:33,20.58,52.58203,92323.73,777.775,3115.362,0
2025/1/5 18:33,20.58,52.60645,92323.73,777.775,2992.647,0
2025/1/5 18:33,20.58,52.58203,92325.65,777.6027,2606.842,0
2025/1/5 18:33,20.59,52.55762,92324.49,777.7062,2915.403,0
2025/1/5 18:33,20.58,52.4209,92323.73,777.775,2703.171,0
2025/1/5 18:33,20.58,52.55664,92326.41,777.5338,38.04679,0
2025/1/5 18:33,20.59,52.55762,92324.49,777.7062,36.97331,0
2025/1/5 18:33,20.59,52.5957,92325.27,777.6368,37.11768,0
2025/1/5 18:33,20.59,52.52148,92327.95,777.3967,36.97331,0
2025/1/5 18:33,20.59,52.55762,92329.88,777.2233,37.70149,0
2025/1/5 18:33,20.59,52.53418,92333.33,776.9132,36.97331,0
2025/1/5 18:33,20.59,52.49707,92322.57,777.8792,38.09641,0
2025/1/5 18:33,20.59,52.43457,92327.95,777.3967,37.99725,90
2025/1/5 18:33,20.6,52.43555,92321.42,777.9821,37.50576,0
2025/1/5 18:33,20.59,52.27246,92319.12,778.1887,37.55458,0
2025/1/5 18:33,20.6,52.26172,92317.97,778.2917,37.7506,0
2025/1/5 18:33,20.57,52.25879,92322.19,777.9133,37.65245,0
2025/1/5 18:33,20.58,52.68066,92317.59,778.3264,37.84905,0
2025/1/5 18:33,20.57,52.24609,92318.73,778.2233,40.19494,0
2025/1/5 18:33,20.59,52.24902,92317.2,778.3605,37.79979,0
2025/1/5 18:33,20.59,52.23535,92319.12,778.1887,37.79979,0
2025/1/5 18:33,20.58,52.25977,92315.66,778.4993,37.84905,0
2025/1/5 18:33,20.59,52.26172,92314.51,778.6028,37.84905,0
2025/1/5 18:33,20.6,52.24902,92312.59,778.7752,37.40832,0
2025/1/5 18:33,20.56,52.24414,92311.8,778.8457,37.79979,0
2025/1/5 18:33,20.6,52.29883,92312.59,778.7752,29.48806,0
2025/1/5 18:33,20.59,52.24902,92319.88,778.1204,37.99725,90
2025/1/5 18:33,20.59,52.23633,92314.51,778.6028,36.49657,90
2025/1/5 18:33,20.58,52.20996,92307.59,779.223,37.94777,90
2025/1/5 18:33,20.6,52.21289,92316.04,778.4651,37.7506,90
2025/1/5 18:33,20.57,52.2334,92316.05,778.4646,37.79979,90
2025/1/5 18:33,20.56,52.20801,92309.91,779.0154,37.79979,90
2025/1/5 18:33,20.59,52.22461,92309.13,779.0848,37.26268,90
2025/1/5 18:33,20.59,52.24902,92317.2,778.3605,37.40832,90
2025/1/5 18:33,20.59,52.26172,92311.82,778.8441,37.79979,90
2025/1/5 18:33,20.59,52.21191,92317.2,778.3605,37.89837,90
2025/1/5 18:33,20.59,52.24902,92319.88,778.1204,29.5257,90
2025/1/5 18:33,20.59,52.26172,92314.51,778.6028,37.7506,90
2025/1/5 18:34,20.6,52.25,92318.73,778.2233,37.7506,90
2025/1/5 18:34,20.6,52.23633,92315.27,778.534,37.40832,90
2025/1/5 18:34,20.6,52.27344,92312.59,778.7752,37.65245,90
2025/1/5 18:34,20.58,52.70508,92318.35,778.2575,37.7506,90
2025/1/5 18:34,20.6,52.27441,92316.04,778.4651,37.02137,90
2025/1/5 18:34,20.6,52.39844,92316.04,778.4651,38.19587,90
2025/1/5 18:34,20.58,52.54395,92321.04,778.2575,37.06949,90
2025/1/5 18:34,20.59,52.37305,92325.27,777.6368,37.31115,90
2025/1/5 18:34,20.59,52.36035,92319.88,778.1204,36.87741,90
2025/1/5 18:34,20.59,52.05078,92319.88,778.1204,37.457,90
2025/1/5 18:34,20.57,52.34473,92324.88,777.6715,37.79979,90
2025/1/5 18:34,20.57,52.32031,92318.73,778.2233,37.7506,0
2025/1/5 18:34,20.6,52.36133,92321.42,778.2233,36.97331,0
2025/1/5 18:34,20.57,52.09766,92318.73,778.2233,37.31115,0
2025/1/5 18:34,20.6,52.3125,92321.42,777.9821,37.84905,0
2025/1/5 18:34,20.57,52.2832,92310.67,778.9471,37.7506,0
2025/1/5 18:34,20.56,52.29492,92315.28,778.5329,40.30062,0
2025/1/5 18:34,20.58,52.28418,92312.2,778.8094,37.457,0
2025/1/5 18:34,20.6,52.27441,92316.04,778.4651,37.7506,0
2025/1/5 18:34,20.59,52.28613,92314.51,778.6028,36.97331,0
2025/1/5 18:34,20.59,52.42285,92314.51,778.3605,37.02137,0
2025/1/5 18:34,20.59,52.21191,92314.51,778.6028,29.86662,0
2025/1/5 18:34,20.6,52.26172,92312.59,778.7752,36.97331,0
2025/1/5 18:34,20.59,52.24902,92311.82,778.8441,37.60349,0
2025/1/5 18:34,20.6,52.28711,92318.73,778.2233,37.79979,0
2025/1/5 18:34,20.59,52.23535,92313.74,778.6711,37.50576,90
2025/1/5 18:34,20.6,52.28711,92316.04,778.4651,37.55458,90
2025/1/5 18:34,20.59,52.19922,92314.51,778.6028,37.60349,90
2025/1/5 18:34,20.59,52.22461,92311.82,778.8441,37.7506,90
2025/1/5 18:34,20.6,52.24902,92312.59,778.7752,37.84905,90
2025/1/5 18:34,20.6,52.26172,92309.9,779.0165,37.50576,90
2025/1/5 18:34,20.6,52.26172,92309.9,779.0165,37.7506,90
2025/1/5 18:34,20.59,52.24805,92308.36,779.1547,36.97331,90
2025/1/5 18:34,20.6,52.24902,92315.27,778.534,37.02137,90
2025/1/5 18:34,20.59,52.24902,92314.51,778.6028,37.26268,90
2025/1/5 18:34,20.59,52.24902,92314.51,778.3605,36.97331,90
2025/1/5 18:34,20.59,52.22461,92319.88,778.1204,36.97331,90
2025/1/5 18:35,20.59,52.34863,92317.2,778.3605,37.457,90
2025/1/5 18:35,20.59,52.33496,92319.12,778.1887,37.89837,0
2025/1/5 18:35,20.6,52.34863,92320.66,778.0504,37.16594,0
2025/1/5 18:35,20.59,52.34766,92316.43,778.4299,36.97331,0
2025/1/5 18:35,20.59,52.1875,92319.88,778.1204,37.79979,0
2025/1/5 18:35,20.6,52.6084,92320.66,778.2917,37.40832,0
2025/1/5 18:35,20.59,52.27344,92317.2,778.3605,37.16594,0
2025/1/5 18:35,20.59,52.37305,92319.88,778.1204,36.97331,0
2025/1/5 18:35,20.59,52.32324,92314.51,778.6028,28.67282,0
2025/1/5 18:35,20.6,52.37305,92315.27,778.534,37.21428,0
2025/1/5 18:35,20.58,52.20996,92318.35,778.2575,36.87741,0
2025/1/5 18:35,20.58,52.32129,92312.98,778.74,37.7506,0
2025/1/5 18:35,20.58,52.16016,92312.98,778.74,37.84905,0
2025/1/5 18:35,20.59,52.21094,92319.12,778.1887,37.02137,0
2025/1/5 18:35,20.56,52.2207,92309.91,779.0154,37.60349,0
2025/1/5 18:35,20.59,52.16211,92314.51,778.6028,37.70149,0
2025/1/5 18:35,20.57,51.97363,92316.81,778.3958,36.97331,0
2025/1/5 18:35,20.59,52.22363,92324.49,777.7062,37.06949,0
2025/1/5 18:35,20.59,52.26074,92316.43,778.4299,37.31115,0
2025/1/5 18:35,20.59,52.28516,92319.12,777.9474,37.21428,0
2025/1/5 18:35,20.58,52.18555,92317.59,778.3264,36.97331,0
2025/1/5 18:35,20.59,52.0498,92324.49,777.9474,37.7506,0
2025/1/5 18:35,20.58,52.17285,92325.65,777.6027,37.7506,0
2025/1/5 18:35,20.58,52.14844,92322.95,778.3264,36.97331,0
2025/1/5 18:35,20.58,52.14844,92321.04,778.0163,37.06949,0
2025/1/5 18:35,20.59,52.18652,92324.49,777.7062,37.50576,0
2025/1/5 18:36,20.59,52.19824,92324.49,777.7062,36.97331,0
2025/1/5 18:36,20.59,52.0127,92324.49,777.7062,0,0
2025/1/5 18:36,20.59,52.26074,92316.43,778.4299,0,0
2025/1/5 18:36,20.65,51.9209,92329.12,777.2916,36.30779,0
2025/1/5 18:37,20.63,51.99414,92315.3,778.5318,37.06949,0
2025/1/5 18:37,20.66,51.99609,92319.13,778.1881,38.2457,0
2025/1/5 18:37,20.65,51.98242,92320.28,778.0846,38.19587,0
2025/1/5 18:37,20.64,51.89551,92322.2,777.9117,37.40832,0
2025/1/5 18:37,20.64,51.96875,92321.44,777.9805,37.99725,0
2025/1/5 18:37,20.64,51.99512,92322.2,777.9117,37.50576,0
2025/1/5 18:37,20.64,51.99512,92327.58,777.4292,37.40832,0
2025/1/5 18:37,20.64,51.95703,92326.81,777.498,37.65245,0
2025/1/5 18:37,20.64,51.90723,92318.75,778.2217,37.79979,0
2025/1/5 18:37,20.63,51.90723,92320.67,778.0493,37.7506,0
2025/1/5 18:37,20.63,51.89453,92323.36,777.8081,37.7506,0
2025/1/5 18:37,20.64,51.89453,92321.44,777.9805,38.2956,0
2025/1/5 18:37,20.64,52.01855,92324.13,777.498,38.19587,0
2025/1/5 18:37,20.63,51.89453,92323.36,778.0493,29.56337,0
2025/1/5 18:37,20.63,51.88184,92323.36,777.8081,37.40832,0
2025/1/5 18:37,20.6,51.96387,92320.66,778.0504,38.39565,0
2025/1/5 18:37,20.63,51.87012,92328.73,777.3257,38.04679,0
2025/1/5 18:37,20.63,51.89355,92325.28,777.6357,29.56337,0
2025/1/5 18:37,20.63,52.00586,92320.67,778.0493,38.44577,0
2025/1/5 18:37,20.63,51.88184,92323.36,777.8081,38.54625,0
2025/1/5 18:37,20.63,51.88086,92319.91,778.1182,38.2457,0
2025/1/5 18:37,20.59,51.90234,92322.57,777.8792,37.65245,0
2025/1/5 18:37,20.61,51.8916,92324.88,777.6721,38.09641,0
2025/1/5 18:37,20.61,51.8916,92328.33,777.362,38.44577,0
2025/1/5 18:37,20.63,52.01758,92322.59,777.877,37.79979,0
2025/1/5 18:37,20.62,51.68066,92326.41,778.2581,38.09641,0
2025/1/5 18:37,20.63,51.90625,92325.28,777.6357,0,0
2025/1/5 18:37,20.62,51.90527,92321.83,777.9453,29.71459,0
2025/1/5 18:37,20.62,51.91699,92327.2,777.4628,0,0
2025/1/5 18:37,20.63,51.91895,92326.05,777.5669,0,0
2025/1/5 18:37,20.63,51.96777,92319.91,778.1182,0.331609,0
2025/1/5 18:37,20.62,52.10352,92324.52,777.704,0,0
2025/1/5 18:37,20.62,52.30176,92327.2,777.4628,0,0
2025/1/5 18:37,20.63,52.32813,92323.36,777.8081,0,0
2025/1/5 18:37,20.64,52.45215,92326.81,777.498,0,0
2025/1/5 18:37,20.63,52.47656,92326.05,777.5669,0,0
2025/1/5 18:37,20.63,52.5127,92319.91,778.1182,0,0
2025/1/5 18:37,20.63,52.55078,92319.91,778.1182,0,0
2025/1/5 18:37,20.64,52.58984,92324.89,777.6704,0,0
2025/1/5 18:37,20.63,52.60059,92323.36,777.8081,0,0
2025/1/5 18:37,20.63,52.51367,92323.36,778.5318,0,0
2025/1/5 18:37,20.63,52.58887,92320.67,778.0493,0,0
2025/1/5 18:37,20.62,52.58691,92324.52,777.704,0,0
2025/1/5 18:37,20.63,52.5752,92317.22,778.3594,0,0
2025/1/5 18:37,20.64,52.77441,92324.13,777.7393,0,0
2025/1/5 18:37,20.63,52.62598,92320.67,778.0493,0,0
2025/1/5 18:37,20.63,52.60059,92323.36,777.8081,0,0
2025/1/5 18:38,20.62,51.86719,92318.34,778.2581,37.79979,0
2025/1/5 18:38,20.63,51.87012,92326.05,777.5669,37.99725,0
2025/1/5 18:38,20.63,51.82031,92320.67,778.0493,37.89837,0
2025/1/5 18:38,20.63,51.93164,92326.05,777.5669,37.26268,0
2025/1/5 18:38,20.62,51.87988,92319.14,777.9453,37.79979,0
2025/1/5 18:38,20.62,51.92969,92319.14,778.1865,29.41296,0
2025/1/5 18:38,20.64,51.88184,92318.75,778.2217,37.26268,0
2025/1/5 18:38,20.64,51.87012,92321.44,777.9805,37.89837,0
2025/1/5 18:38,20.63,51.88184,92320.67,778.0493,37.84905,0
2025/1/5 18:38,20.63,51.98047,92317.22,778.3594,37.26268,0
2025/1/5 18:38,20.64,51.87012,92318.75,778.2217,38.04679,0
2025/1/5 18:38,20.64,51.88184,92324.13,777.7393,37.50576,0
2025/1/5 18:38,20.63,51.77051,92320.67,778.0493,37.79979,0
2025/1/5 18:38,20.63,51.83203,92317.22,778.3594,29.26336,0
2025/1/5 18:38,20.64,51.7959,92324.13,777.7393,37.99725,0
2025/1/5 18:38,20.62,51.81836,92321.83,777.9453,38.09641,90
2025/1/5 18:38,20.63,51.82031,92320.67,778.2906,29.86662,90
2025/1/5 18:38,20.64,51.7832,92318.75,778.2217,30.09619,90
2025/1/5 18:38,20.62,51.99121,92318.34,778.2581,38.09641,90
2025/1/5 18:38,20.63,51.74512,92322.59,777.877,37.79979,90
2025/1/5 18:38,20.64,51.74707,92316.83,778.3941,38.04679,90
2025/1/5 18:38,20.64,51.74707,92327.58,777.4292,37.7506,0
2025/1/5 18:38,20.64,51.77051,92321.44,777.9805,35.01616,0
2025/1/5 18:38,20.64,51.74707,92324.89,777.9117,37.50576,0
2025/1/5 18:38,20.64,51.79688,92316.83,778.3941,37.70149,0
2025/1/5 18:38,20.63,51.73242,92319.91,778.1182,37.55458,0
2025/1/5 18:38,20.63,51.70898,92323.36,777.8081,37.457,90
2025/1/5 18:38,20.62,51.73145,92321.83,777.9453,34.08058,90
2025/1/5 18:38,20.64,51.89453,92324.13,777.7393,27.07724,90
2025/1/5 18:38,20.64,51.77051,92318.75,778.2217,0.646957,90
2025/1/5 18:38,20.63,51.74609,92323.36,777.8081,37.99725,90
2025/1/5 18:38,20.63,51.74609,92320.67,778.0493,37.3597,90
2025/1/5 18:38,20.65,51.77246,92329.12,777.2916,37.26268,90
2025/1/5 18:38,20.64,51.7832,92321.44,777.9805,37.99725,90
2025/1/5 18:38,20.63,51.7832,92326.05,777.5669,38.09641,90
2025/1/5 18:38,20.63,51.75781,92325.28,777.6357,37.40832,90
2025/1/5 18:38,20.63,51.79492,92322.59,777.877,37.70149,90
2025/1/5 18:38,20.64,51.77148,92327.58,777.4292,37.60349,90
2025/1/5 18:38,20.63,51.7832,92323.36,777.8081,37.70149,90
2025/1/5 18:38,20.64,51.74609,92334.88,776.7744,38.54625,90
2025/1/5 18:38,20.63,51.75879,92323.36,777.8081,37.65245,90
2025/1/5 18:38,20.63,51.7832,92323.36,777.8081,38.1461,90
2025/1/5 18:38,20.63,51.7959,92326.05,777.5669,37.26268,90
2025/1/5 18:38,20.64,51.70898,92324.13,778.2217,37.60349,90
2025/1/5 18:38,20.63,51.7832,92320.67,778.0493,37.02137,90
2025/1/5 18:38,20.63,51.7832,92323.36,777.8081,36.82957,90
2025/1/5 18:38,20.62,51.80566,92321.83,777.9453,37.06949,90
2025/1/5 18:38,20.63,51.82031,92326.05,777.5669,11.82944,90
2025/1/5 18:38,20.62,51.83105,92321.83,777.9453,11.79685,90
2025/1/5 18:38,20.63,51.93164,92320.67,778.0493,38.04679,90
2025/1/5 18:39,20.63,51.88184,92320.67,778.0493,38.19587,90
2025/1/5 18:39,20.63,51.82031,92331.42,777.0845,37.89837,90
2025/1/5 18:39,20.64,51.84473,92324.13,777.7393,37.7506,90
2025/1/5 18:39,20.63,51.83203,92325.28,777.6357,37.70149,90
2025/1/5 18:39,20.63,51.85645,92325.28,777.6357,37.11768,90
2025/1/5 18:39,20.63,51.86914,92325.28,777.6357,37.70149,90
2025/1/5 18:39,20.63,51.87012,92320.67,778.0493,37.50576,90
2025/1/5 18:39,20.63,51.86914,92327.97,777.6357,37.02137,90
2025/1/5 18:39,20.63,51.94336,92317.22,778.3594,37.99725,90
2025/1/5 18:39,20.64,51.8584,92324.89,777.6704,37.60349,90
2025/1/5 18:39,20.63,51.85742,92326.05,777.5669,37.21428,90
2025/1/5 18:39,20.63,51.7832,92328.73,777.3257,37.89837,90
2025/1/5 18:39,20.63,51.88086,92325.28,777.6357,37.79979,90
2025/1/5 18:39,20.63,51.89453,92331.42,777.0845,37.65245,90
2025/1/5 18:39,20.63,51.88184,92326.05,777.5669,34.21254,90
2025/1/5 18:39,20.64,52.15625,92327.58,777.4292,34.52263,90
2025/1/5 18:39,20.63,51.83301,92326.05,777.5669,27.11168,0
2025/1/5 18:39,20.63,51.75879,92328.73,777.8081,34.88079,0
2025/1/5 18:39,20.63,51.84375,92325.28,777.6357,33.81831,0
2025/1/5 18:39,20.63,51.84375,92325.28,777.6357,35.01616,0
2025/1/5 18:39,20.63,51.74512,92327.97,777.3945,34.03671,0
2025/1/5 18:39,20.62,52.07813,92321.83,777.9453,33.5151,0
2025/1/5 18:39,20.63,51.85742,92323.36,777.8081,0,0
2025/1/5 18:39,20.62,52.04102,92321.83,777.9453,0,0
2025/1/5 18:39,20.63,51.84473,92326.05,777.5669,33.60143,0
2025/1/5 18:39,20.63,51.88184,92320.67,778.0493,25.66998,0
2025/1/5 18:39,20.64,51.62207,92324.13,777.7393,13.21086,0
2025/1/5 18:39,20.64,51.90723,92324.13,777.7393,20.25869,0
2025/1/5 18:39,20.64,51.93164,92321.44,777.9805,0,0
2025/1/5 18:39,20.64,51.94434,92326.81,777.498,0,0
2025/1/5 18:39,20.64,52.00684,92327.58,777.4292,0,0
2025/1/5 18:39,20.62,52.09082,92319.14,778.1865,0,0
2025/1/5 18:39,20.64,52.13086,92327.58,777.4292,0,0
2025/1/5 18:39,20.64,52.04395,92327.58,777.4292,2.778701,0
2025/1/5 18:39,20.63,52.22949,92326.05,777.5669,36.35488,0
2025/1/5 18:39,20.64,52.29199,92327.58,777.4292,36.49657,0
2025/1/5 18:39,20.64,52.42773,92324.13,777.2568,36.21379,0
2025/1/5 18:39,20.64,52.35352,92324.13,777.7393,36.30779,0
2025/1/5 18:39,20.64,52.2793,92327.58,777.4292,36.26076,0
2025/1/5 18:39,20.64,52.42773,92324.13,777.7393,35.88697,0
2025/1/5 18:39,20.65,52.41602,92328.34,777.3609,36.07333,0
2025/1/5 18:39,20.63,52.43945,92317.98,778.2906,36.87741,0
2025/1/5 18:39,20.64,52.40234,92321.44,777.9805,36.63887,0
2025/1/5 18:39,20.64,52.42773,92329.5,777.2568,37.26268,0
2025/1/5 18:39,20.63,52.41504,92326.05,777.5669,36.54393,0
2025/1/5 18:39,20.65,52.45313,92328.34,777.3609,37.31115,0
2025/1/5 18:39,20.65,52.42871,92331.03,777.1197,37.70149,0
2025/1/5 18:39,20.64,52.45313,92327.58,777.4292,922.0457,0
2025/1/5 18:39,20.64,52.46582,92322.2,777.4292,1199.553,0
2025/1/5 18:39,20.65,52.42969,92329.12,777.2916,1250.772,0
2025/1/5 18:39,20.65,52.42969,92329.12,777.2916,1365.103,0
2025/1/5 18:39,20.64,52.44043,92322.2,777.9117,1385.891,0
2025/1/5 18:39,20.65,52.39258,92329.12,777.2916,1315.389,0
2025/1/5 18:39,20.66,52.41797,92322.58,777.8781,1259.669,0
2025/1/5 18:39,20.66,52.37988,92321.81,777.9469,1241.98,0
2025/1/5 18:39,20.63,52.32813,92323.36,777.8081,1268.675,0
2025/1/5 18:39,20.65,52.28027,92326.42,777.5333,4013.295,0
2025/1/5 18:39,20.65,52.29297,92326.42,777.5333,4079.974,0
2025/1/5 18:39,20.65,52.25586,92326.42,777.5333,3489.24,0
2025/1/5 18:39,20.65,52.25586,92329.12,777.2916,3824.196,0
2025/1/5 18:39,20.68,52.20801,92326.8,777.4986,4219.267,0
2025/1/5 18:39,20.66,52.07129,92327.96,777.6363,8009.965,0
2025/1/5 18:39,20.66,52.14453,92324.51,777.7051,7795.541,0
2025/1/5 18:39,20.66,52.13184,92324.51,777.7051,8009.965,0
2025/1/5 18:39,20.66,52.12012,92327.19,777.4645,8981.077,0
2025/1/5 18:39,20.68,51.97266,92324.12,777.7398,13641,0
2025/1/5 18:39,20.68,52.15918,92326.8,777.4986,22276.33,0
2025/1/5 18:39,20.67,52.13379,92326.04,777.5674,25231.76,0
2025/1/5 18:39,20.68,52.12109,92326.8,777.4986,17903.77,0
2025/1/5 18:39,20.66,51.99609,92327.19,777.7051,22276.33,0
2025/1/5 18:39,20.67,52.13379,92326.04,777.5674,581.8558,0
2025/1/5 18:39,20.69,52.12207,92328.38,777.3577,17040.87,0
2025/1/5 18:39,20.69,52.08496,92328.38,777.3577,13641,0
2025/1/5 18:39,20.68,52.08398,92326.8,777.4986,46.63774,0
2025/1/5 18:39,20.68,51.8623,92330.27,777.188,36.35488,0
2025/1/5 18:39,20.68,52.08398,92329.5,777.2568,35.47154,0
2025/1/5 18:39,20.68,52.07227,92326.8,777.4986,34.65648,0
2025/1/5 18:39,20.68,52.12207,92327.57,777.4303,35.79419,0
2025/1/5 18:39,20.68,52.08496,92327.57,777.4303,36.26076,0
2025/1/5 18:39,20.68,52.03516,92326.8,777.4986,33.55824,0
2025/1/5 18:39,20.68,52.04688,92332.19,777.0156,33.55824,0
2025/1/5 18:39,20.68,52.04785,92327.57,777.4303,11.66717,0
2025/1/5 18:39,20.68,52.03613,92327.57,777.4303,0,0
2025/1/5 18:40,20.69,52.03613,92328.38,777.3577,0,0
2025/1/5 18:40,20.69,52.03613,92325.68,777.6,0,0
2025/1/5 18:40,20.69,52.02441,92329.14,777.2894,0,0
2025/1/5 18:40,20.69,51.99902,92325.68,777.6,0.156653,0
2025/1/5 18:40,20.68,51.99805,92324.12,777.7398,33.90549,0
2025/1/5 18:40,20.68,51.92383,92330.27,777.188,34.34507,0
2025/1/5 18:40,20.69,52.01074,92322.99,777.8412,26.63347,0
2025/1/5 18:40,20.69,52,92334.52,776.8069,35.42571,0
2025/1/5 18:40,20.69,51.97363,92325.68,777.6,28.27403,0
2025/1/5 18:40,20.69,51.84961,92333.75,777.3577,35.93346,0
2025/1/5 18:40,20.69,52.02441,92329.14,777.2894,35.88697,0
2025/1/5 18:40,20.69,51.9873,92329.14,777.2894,35.88697,0
2025/1/5 18:40,20.69,51.98633,92331.06,777.1165,36.07333,0
2025/1/5 18:40,20.68,51.94922,92327.57,777.4303,36.16691,0
2025/1/5 18:40,20.68,51.96094,92330.27,777.188,36.07333,0
2025/1/5 18:40,20.69,51.9502,92326.45,777.5311,36.12009,0
2025/1/5 18:40,20.69,51.97363,92328.38,777.3577,36.12009,0
2025/1/5 18:40,20.68,51.98633,92332.95,776.9468,36.26076,0
2025/1/5 18:40,20.69,51.97363,92328.38,777.3577,36.07333,0
2025/1/5 18:40,20.7,51.96387,92329.91,777.2205,32.20726,0
2025/1/5 18:40,20.69,51.96289,92334.52,776.8069,26.03122,0
2025/1/5 18:40,20.69,51.9375,92331.83,777.0482,35.42571,0
2025/1/5 18:40,20.68,51.97363,92330.27,777.188,35.93346,0
2025/1/5 18:40,20.69,51.8877,92334.52,776.8069,36.16691,0
2025/1/5 18:40,20.69,51.96289,92326.45,777.5311,35.24304,0
2025/1/5 18:40,20.69,51.9248,92334.52,776.8069,34.79088,0
2025/1/5 18:40,20.69,51.92383,92331.06,777.1165,35.37995,0
2025/1/5 18:40,20.69,51.9375,92331.83,777.0482,34.1245,0
2025/1/5 18:40,20.69,51.99902,92322.99,777.8412,32.66491,0
2025/1/5 18:40,20.69,51.9248,92334.52,776.8069,15.70282,0
2025/1/5 18:40,20.7,51.90137,92335.28,776.7381,12.91072,0
2025/1/5 18:40,20.69,51.91211,92331.06,777.1165,34.56718,0
2025/1/5 18:40,20.7,51.92578,92327.22,777.4617,35.47154,0
2025/1/5 18:40,20.69,51.9375,92329.14,777.2894,3.587824,0
2025/1/5 18:40,20.7,51.56738,92333.36,776.9105,0,0
2025/1/5 18:40,20.69,51.9375,92331.83,777.0482,0,0
2025/1/5 18:40,20.69,51.94922,92328.38,777.3577,0.038693,0
2025/1/5 18:40,20.7,51.95215,92327.98,777.3929,0.294476,0
2025/1/5 18:40,20.7,51.91406,92324.53,777.7029,0.429708,0
2025/1/5 18:40,20.7,51.90137,92321.84,777.9442,0.436506,0
2025/1/5 18:40,20.7,51.96387,92335.28,776.7381,0.426321,0
2025/1/5 18:40,20.68,51.94922,92322.2,777.9127,0.785905,0
2025/1/5 18:40,20.68,51.91211,92319.51,778.154,1.826464,0
2025/1/5 18:40,20.7,52.00195,92333.36,776.9105,3.710738,0
2025/1/5 18:40,20.69,52.02441,92331.83,777.0482,3.963041,0
2025/1/5 18:40,20.69,51.87598,92326.45,777.5311,3.400007,0
2025/1/5 18:40,20.7,52.01367,92330.67,777.1517,3.1885,0
2025/1/5 18:40,20.7,51.84082,92330.67,777.1517,5.524942,0
2025/1/5 18:40,20.7,52.07617,92325.3,777.6341,6.165067,0
2025/1/5 18:40,20.7,52.0127,92332.59,776.9793,7.129267,0
2025/1/5 18:40,20.7,51.97559,92329.91,777.2205,4.580694,0
2025/1/5 18:40,20.69,51.98633,92331.06,777.1165,31.71584,0
2025/1/5 18:40,20.7,51.98828,92329.91,777.2205,34.6118,0
2025/1/5 18:40,20.69,51.8877,92329.14,777.2894,35.60942,0
2025/1/5 18:40,20.7,52.03809,92332.59,776.9793,36.21379,0
2025/1/5 18:40,20.7,52.00195,92330.67,777.1517,35.51744,0
2025/1/5 18:40,20.7,52.02539,92324.53,777.7029,36.35488,0
2025/1/5 18:40,20.7,51.87793,92327.98,777.1517,36.35488,0
2025/1/5 18:40,20.71,52.02637,92339.5,776.3593,35.51744,0
2025/1/5 18:40,20.7,52.03906,92327.98,777.3929,35.84055,0
2025/1/5 18:40,20.7,52.02637,92327.98,777.3929,35.47154,0
2025/1/5 18:40,20.7,52.28516,92337.97,777.2205,35.51744,0
2025/1/5 18:40,20.7,52.24902,92327.98,777.3929,36.16691,0
2025/1/5 18:40,20.7,52.03906,92327.98,777.3929,36.16691,0
2025/1/5 18:40,20.71,52.02637,92326.06,777.5652,36.26076,0
2025/1/5 18:40,20.7,52.03809,92329.91,777.2205,36.35488,0
2025/1/5 18:40,20.7,52.06348,92330.67,777.1517,35.7479,0
2025/1/5 18:40,20.71,52.39844,92336.81,776.6005,36.35488,0
2025/1/5 18:40,20.7,52.0498,92327.22,777.4617,36.44927,0
2025/1/5 18:40,20.7,52.07617,92330.67,777.1517,28.34612,0
2025/1/5 18:40,20.7,52.03906,92327.98,777.3929,36.16691,0
2025/1/5 18:40,20.7,52.00195,92330.67,777.1517,35.24304,0
2025/1/5 18:40,20.7,52.03809,92327.22,777.4617,34.97098,0
2025/1/5 18:40,20.7,52.09961,92329.91,777.2205,35.0614,0
2025/1/5 18:40,20.71,52.10059,92337.58,776.5322,35.70168,0
2025/1/5 18:40,20.71,52.11328,92326.06,777.5652,34.08058,0
2025/1/5 18:40,20.71,52.11328,92336.81,776.6005,32.66491,0
2025/1/5 18:40,20.69,52.11133,92326.45,777.5311,33.1296,0
2025/1/5 18:40,20.71,51.98926,92334.89,777.0145,32.66491,0
2025/1/5 18:40,20.72,52.12695,92338.34,776.4633,32.28995,0
2025/1/5 18:40,20.71,52.10059,92332.2,777.0145,33.08706,0
2025/1/5 18:40,20.71,52.1748,92334.89,776.7734,34.03671,0
2025/1/5 18:41,20.71,52.11328,92334.13,776.8417,33.47203,0
2025/1/5 18:41,20.71,52.11328,92334.13,776.8417,33.47203,0
2025/1/5 18:41,20.71,52.15039,92336.81,776.6005,33.30033,0
2025/1/5 18:41,20.7,52.1377,92330.67,777.1517,33.42902,0
2025/1/5 18:41,20.71,52.1377,92331.44,777.0828,26.63347,0
2025/1/5 18:41,20.7,52.12598,92330.67,777.1517,32.66491,0
2025/1/5 18:41,20.71,52.11328,92334.89,776.7734,33.08706,0
2025/1/5 18:41,20.71,52.11328,92334.13,776.8417,35.93346,0
2025/1/5 18:41,20.71,52.1875,92336.81,776.6005,36.26076,0
2025/1/5 18:41,20.7,52.13672,92329.91,777.2205,35.98001,0
2025/1/5 18:41,20.71,52.1377,92334.13,776.8417,36.26076,0
2025/1/5 18:41,20.71,52.12598,92334.89,776.7734,36.16691,0
2025/1/5 18:41,20.71,52.11328,92329.52,777.2557,28.81928,0
2025/1/5 18:41,20.71,52.1748,92331.44,777.0828,36.26076,0
2025/1/5 18:41,20.71,52.24902,92331.44,777.0828,36.26076,0
2025/1/5 18:41,20.71,52.16309,92334.13,776.8417,36.12009,0
2025/1/5 18:41,20.7,52.15039,92333.36,776.9105,35.88697,0
2025/1/5 18:41,20.7,52.16309,92336.05,776.6693,35.79419,0
2025/1/5 18:41,20.71,52.15039,92326.06,777.5652,35.88697,0
2025/1/5 18:41,20.71,52.12598,92331.44,777.0828,36.16691,0
2025/1/5 18:41,20.71,51.97656,92328.75,777.5652,36.16691,0
2025/1/5 18:41,20.72,52.18848,92335.66,776.7045,36.26076,0
2025/1/5 18:41,20.7,52.28613,92333.36,776.9105,36.07333,0
2025/1/5 18:41,20.72,52.17578,92332.97,776.9457,36.21379,0
2025/1/5 18:41,20.71,52.15039,92328.75,777.324,36.30779,0
2025/1/5 18:41,20.71,52.1875,92337.58,776.5322,36.21379,0
2025/1/5 18:41,20.7,52.16211,92329.91,777.2205,36.40204,0
2025/1/5 18:41,20.71,52.16309,92331.44,777.0828,36.16691,0
2025/1/5 18:41,20.71,52.12598,92328.75,777.324,35.51744,0
2025/1/5 18:41,20.71,52.16309,92336.81,776.6005,35.47154,0
2025/1/5 18:41,20.72,52.01465,92335.66,776.7045,35.98001,0
2025/1/5 18:41,20.72,52.06445,92338.34,776.4633,35.98001,0
2025/1/5 18:41,20.71,52.16309,92337.58,776.5322,35.93346,0
2025/1/5 18:41,20.7,52.16309,92333.36,776.9105,36.21379,0
2025/1/5 18:41,20.71,52.15039,92331.44,777.0828,35.98001,0
2025/1/5 18:41,20.71,52.1748,92339.5,776.3593,36.26076,0
2025/1/5 18:41,20.71,52.15039,92334.13,776.8417,35.98001,0
2025/1/5 18:41,20.71,52.15039,92328.75,777.324,36.44927,0
2025/1/5 18:41,20.73,51.81738,92337.19,776.5668,36.44927,0
2025/1/5 18:41,20.71,52.07617,92331.44,777.0828,36.44927,0
2025/1/5 18:41,20.71,52.15039,92331.44,777.0828,36.49657,0
2025/1/5 18:41,20.71,52.11328,92331.44,777.0828,28.92964,0
2025/1/5 18:41,20.72,52.39941,92338.34,776.4633,36.49657,0
2025/1/5 18:41,20.69,52.11133,92329.14,777.2894,36.49657,0
2025/1/5 18:41,20.72,52.11426,92338.34,776.4633,36.49657,0
2025/1/5 18:41,20.71,52.16309,92334.13,776.8417,36.82957,0
2025/1/5 18:41,20.72,52.11426,92330.28,777.187,36.68644,0
2025/1/5 18:41,20.73,51.97852,92334.5,776.808,36.35488,0
2025/1/5 18:41,20.72,52.15137,92332.97,776.9457,36.49657,0
2025/1/5 18:41,20.72,52.16406,92335.66,776.7045,36.68644,0
2025/1/5 18:41,20.71,52.16309,92340.27,776.291,35.37995,0
2025/1/5 18:41,20.72,52.18848,92332.97,776.9457,36.49657,0
2025/1/5 18:41,20.72,52.34961,92327.59,777.4282,34.79088,90
2025/1/5 18:41,20.72,52.17676,92333.73,776.8769,36.54393,90
2025/1/5 18:41,20.71,52.15039,92332.2,777.0145,36.54393,90
2025/1/5 18:41,20.73,52.17676,92339.88,776.3257,30.95405,90
2025/1/5 18:41,20.71,52.21191,92329.52,777.2557,0,90
2025/1/5 18:41,20.72,52.20117,92338.34,776.4633,0,90
2025/1/5 18:41,20.73,52.15234,92337.19,776.5668,0,90
2025/1/5 18:41,20.71,52.2373,92326.83,777.4969,1.493626,90
2025/1/5 18:41,20.72,52.22559,92332.97,776.9457,1.34214,90
2025/1/5 18:41,20.71,52.1875,92332.2,777.0145,1.545502,90
2025/1/5 18:41,20.73,52.20215,92334.5,776.808,6.66311,90
2025/1/5 18:41,20.71,52.21191,92334.89,776.7734,5.118284,90
2025/1/5 18:41,20.72,52.23926,92339.11,776.3945,0.017113,0
2025/1/5 18:41,20.72,52.23926,92339.11,776.3945,0.061763,0
2025/1/5 18:41,20.72,52.04102,92336.42,776.6357,32.24858,0
2025/1/5 18:41,20.72,52.2627,92332.97,776.9457,33.99291,0
2025/1/5 18:41,20.73,52.28906,92329.13,777.2905,36.26076,0
2025/1/5 18:41,20.71,52.27441,92337.58,776.5322,34.79088,0
2025/1/5 18:41,20.72,52.2627,92332.97,776.9457,36.78178,0
2025/1/5 18:41,20.73,52.25098,92337.19,776.5668,36.63887,0
2025/1/5 18:41,20.73,52.26367,92339.88,776.3257,35.19753,0
2025/1/5 18:41,20.72,52.2627,92332.97,776.9457,35.47154,0
2025/1/5 18:41,20.72,52.27637,92336.42,776.6357,35.98001,0
2025/1/5 18:41,20.71,52.24902,92337.58,776.5322,35.7479,0
2025/1/5 18:41,20.71,52.26172,92336.81,776.6005,35.93346,90
2025/1/5 18:41,20.72,52.25098,92333.73,776.8769,35.65551,90
2025/1/5 18:41,20.73,52.25098,92337.19,776.5668,30.09619,90
2025/1/5 18:41,20.73,52.25098,92329.13,777.2905,36.44927,90
2025/1/5 18:41,20.73,52.27637,92337.19,776.5668,33.38606,90
2025/1/5 18:41,20.72,52.27637,92333.73,776.8769,35.51744,90
2025/1/5 18:41,20.72,52.27637,92333.73,776.8769,28.81928,0
2025/1/5 18:41,20.73,52.27637,92337.19,776.5668,36.44927,0
2025/1/5 18:41,20.72,52.21387,92336.42,776.6357,36.54393,0
2025/1/5 18:41,20.72,52.17676,92336.42,776.6357,36.49657,0
2025/1/5 18:41,20.73,52.18945,92334.5,776.808,36.68644,0
2025/1/5 18:42,20.73,52.46289,92340.64,776.2568,35.70168,0
2025/1/5 18:42,20.73,52.17676,92339.88,776.3257,27.91648,0
2025/1/5 18:42,20.73,52.15234,92339.88,776.3257,36.49657,0
2025/1/5 18:42,20.72,52.16504,92339.11,776.3945,35.88697,0
2025/1/5 18:42,20.73,52.17676,92339.88,776.3257,36.07333,0
2025/1/5 18:42,20.74,52.11719,92341.41,776.1874,35.98001,0
2025/1/5 18:42,20.73,52.35059,92339.88,777.0493,35.79419,0
2025/1/5 18:42,20.74,52.22852,92336.04,776.6698,36.68644,0
2025/1/5 18:42,20.73,51.80566,92335.27,776.7392,36.49657,0
2025/1/5 18:42,20.73,52.27637,92337.19,776.5668,35.98001,0
2025/1/5 18:42,20.73,52.12793,92331.81,777.0493,36.40204,0
2025/1/5 18:42,20.7,52.07617,92336.05,776.6693,29.26336,0
2025/1/5 18:42,20.73,52.0791,92335.27,776.7392,35.7479,0
2025/1/5 18:42,20.74,52.08008,92342.19,776.1181,35.7479,0
2025/1/5 18:42,20.73,52.0166,92335.27,776.7392,36.02663,0
2025/1/5 18:42,20.73,51.9541,92334.5,776.808,36.30779,0
2025/1/5 18:42,20.74,52.06738,92341.41,776.1874,36.02663,0
2025/1/5 18:42,20.73,52.00488,92343.34,776.0151,4.624207,0
2025/1/5 18:42,20.73,52.00391,92337.19,776.5668,27.95202,0
2025/1/5 18:42,20.73,52.06641,92340.64,776.2568,35.7479,0
2025/1/5 18:42,20.72,51.70508,92332.97,776.9457,35.70168,0
2025/1/5 18:42,20.74,52.00586,92344.1,775.9463,35.70168,0
2025/1/5 18:42,20.75,51.78223,92345.66,775.8065,36.16691,0
2025/1/5 18:42,20.74,52.05469,92341.41,776.1874,35.93346,0
2025/1/5 18:42,20.73,52.04102,92334.5,776.808,36.26076,0
2025/1/5 18:42,20.73,52.0293,92337.95,776.498,35.70168,0
2025/1/5 18:42,20.73,52.04199,92335.27,776.7392,36.35488,0
2025/1/5 18:42,20.72,52.04102,92333.73,776.8769,35.79419,0
2025/1/5 18:42,20.73,51.9668,92337.95,776.498,36.07333,0
2025/1/5 18:42,20.73,52.0166,92335.27,776.7392,36.87741,0
2025/1/5 18:42,20.73,52.0166,92343.34,776.0151,36.82957,0
2025/1/5 18:42,20.73,52.00488,92335.27,776.7392,36.12009,0
2025/1/5 18:42,20.74,51.96777,92342.19,776.1181,36.92532,0
2025/1/5 18:42,20.74,52.01758,92344.88,775.8769,36.97331,0
2025/1/5 18:42,20.73,52.0791,92337.95,776.498,36.26076,0
2025/1/5 18:42,20.73,52.07813,92337.19,776.5668,36.30779,0
2025/1/5 18:42,20.74,52.0918,92344.1,775.9463,36.92532,0
2025/1/5 18:42,20.73,52.10254,92334.5,776.808,36.82957,0
2025/1/5 18:42,20.73,52.07813,92334.5,776.5668,36.82957,0
2025/1/5 18:42,20.72,52.13867,92338.34,776.4633,36.02663,0
2025/1/5 18:42,20.74,52.1416,92341.41,776.1874,36.21379,0
2025/1/5 18:42,20.74,52.12891,92344.1,775.9463,36.92532,0
2025/1/5 18:42,20.75,52.12891,92334.91,776.7712,36.26076,0
2025/1/5 18:42,20.74,52.1543,92336.04,776.6698,36.30779,0
2025/1/5 18:42,20.73,52.14063,92340.64,776.2568,36.35488,0
2025/1/5 18:42,20.73,52.14063,92337.95,776.498,36.44927,0
2025/1/5 18:42,20.74,52.11719,92336.8,776.6016,36.97331,0
2025/1/5 18:42,20.73,52.08984,92334.5,776.3257,36.35488,0
2025/1/5 18:42,20.74,52.17871,92331.42,776.3604,36.16691,0
2025/1/5 18:42,20.74,52.0918,92342.19,776.1181,36.21379,0
2025/1/5 18:42,20.74,52.06738,92336.04,776.6698,36.07333,0
2025/1/5 18:42,20.73,52.11621,92337.95,776.498,36.02663,0
2025/1/5 18:42,20.74,52.04297,92333.34,776.9121,36.21379,0
2025/1/5 18:42,20.74,52.03027,92336.04,776.6698,36.87741,0
2025/1/5 18:42,20.75,51.96777,92340.29,776.2888,36.30779,0
2025/1/5 18:42,20.74,52.05469,92339.49,776.3604,36.16691,0
2025/1/5 18:42,20.77,52.04688,92340.67,776.2541,36.44927,0
2025/1/5 18:42,20.74,52.05469,92336.8,776.6016,35.98001,0
2025/1/5 18:42,20.75,52.04297,92337.6,776.53,35.88697,0
2025/1/5 18:42,20.75,52.04297,92342.98,776.0476,35.88697,0
2025/1/5 18:42,20.75,52.03125,92338.37,776.4612,35.65551,0
2025/1/5 18:42,20.76,52.04492,92339.13,776.3923,36.30779,0
2025/1/5 18:42,20.75,52.03027,92342.98,776.0476,36.54393,0
2025/1/5 18:42,20.75,52.04395,92335.68,776.7023,35.88697,0
2025/1/5 18:42,20.75,52.04297,92340.29,776.2888,35.7479,0
2025/1/5 18:42,20.75,52.01855,92338.37,776.4612,35.60942,0
2025/1/5 18:42,20.75,52.05566,92338.37,776.4612,36.12009,0
2025/1/5 18:42,20.75,52.05566,92343.74,775.9788,35.60942,0
2025/1/5 18:42,20.76,52.06934,92336.45,776.6335,36.02663,0
2025/1/5 18:42,20.75,52.10547,92335.68,776.7023,36.12009,0
2025/1/5 18:42,20.75,52.12988,92335.68,776.7023,35.42571,0
2025/1/5 18:42,20.74,52.11719,92342.19,776.1181,35.65551,0
2025/1/5 18:42,20.75,52.05566,92341.05,776.22,36.26076,0
2025/1/5 18:43,20.75,52.21582,92340.29,776.2888,35.42571,0
2025/1/5 18:43,20.75,52.11719,92340.29,776.2888,36.26076,0
2025/1/5 18:43,20.75,52.46484,92335.68,776.7023,35.51744,0
2025/1/5 18:43,20.75,52.2041,92334.91,776.7712,35.70168,0
2025/1/5 18:43,20.74,52.1543,92336.04,776.6698,35.84055,0
2025/1/5 18:43,20.75,52.19238,92335.68,776.7023,36.44927,0
2025/1/5 18:43,20.75,52.20508,92338.37,776.4612,35.60942,0
2025/1/5 18:43,20.75,52.19238,92341.05,776.22,36.07333,0
2025/1/5 18:43,20.75,52.20508,92341.05,776.22,35.51744,0
2025/1/5 18:43,20.75,52.17969,92332.98,776.9441,36.40204,0
2025/1/5 18:43,20.76,52.23047,92341.83,776.1506,36.44927,0
2025/1/5 18:43,20.75,52.39063,92330.3,777.1853,36.26076,0
2025/1/5 18:43,20.75,52.27832,92337.6,776.53,36.26076,0
2025/1/5 18:43,20.75,52.2666,92338.37,776.4612,36.35488,0
2025/1/5 18:43,20.75,52.22949,92338.37,776.4612,36.73408,0
2025/1/5 18:43,20.77,52.25684,92332.6,776.9788,35.7479,0
2025/1/5 18:43,20.76,52.26758,92336.45,776.6335,35.60942,0
2025/1/5 18:43,20.75,51.99414,92341.05,776.7023,36.40204,0
2025/1/5 18:43,20.75,52.26563,92342.98,776.0476,35.98001,0
2025/1/5 18:43,20.75,52.51465,92341.05,776.4612,36.73408,0
2025/1/5 18:43,20.76,52.28027,92333.76,776.8747,36.73408,0
2025/1/5 18:43,20.76,52.26758,92341.83,776.1506,36.54393,0
2025/1/5 18:43,20.77,52.14551,92344.13,775.9446,36.73408,0
2025/1/5 18:43,20.77,52.26953,92332.6,776.9788,35.98001,0
2025/1/5 18:43,20.75,52.45215,92335.68,776.7023,36.63887,0
2025/1/5 18:43,20.76,52.26758,92341.83,776.1506,35.88697,0
2025/1/5 18:43,20.77,52.25684,92340.67,776.2541,36.44927,0
2025/1/5 18:43,20.76,52.14355,92339.13,776.6335,36.63887,0
2025/1/5 18:43,20.75,52.3291,92332.98,776.9441,36.44927,0
2025/1/5 18:43,20.76,52.14453,92334.52,776.8058,36.30779,0
2025/1/5 18:43,20.76,52.25488,92333.76,776.8747,36.54393,0
2025/1/5 18:43,20.76,52.37988,92337.21,776.5647,35.5634,0
2025/1/5 18:43,20.76,52.25488,92333.76,777.1165,36.07333,0
2025/1/5 18:43,20.76,52.28027,92336.45,776.6335,36.26076,0
2025/1/5 18:43,20.75,52.16699,92334.91,776.7712,35.79419,0
2025/1/5 18:43,20.76,52.24414,92334.52,776.8058,35.84055,0
2025/1/5 18:43,20.76,52.24316,92339.13,776.3923,35.70168,0
2025/1/5 18:43,20.75,52.46484,92338.37,776.4612,35.60942,0
2025/1/5 18:43,20.76,52.18066,92333.76,776.8747,35.60942,0
2025/1/5 18:43,20.76,52.20703,92339.91,776.3229,35.5634,0
2025/1/5 18:43,20.76,52.23145,92331.83,777.0482,35.51744,0
2025/1/5 18:43,20.77,52.21973,92348.73,775.5306,35.51744,0
2025/1/5 18:43,20.76,52.19434,92339.91,776.3229,36.68644,0
2025/1/5 18:43,20.76,52.20605,92333.76,776.8747,35.88697,0
2025/1/5 18:43,20.76,52.28125,92339.91,776.3229,36.44927,0
2025/1/5 18:43,20.76,52.10742,92337.21,776.5647,35.98001,0
2025/1/5 18:43,20.76,52.20703,92331.83,777.0482,36.44927,0
2025/1/5 18:43,20.77,52.20801,92340.67,776.2541,36.44927,0
2025/1/5 18:43,20.76,52.19434,92339.91,776.3229,35.1521,0
2025/1/5 18:43,20.76,52.19336,92333.76,776.1506,35.1521,0
2025/1/5 18:43,20.76,52.20703,92334.52,776.8058,36.49657,0
2025/1/5 18:43,20.76,52.20703,92337.21,776.5647,36.78178,0
2025/1/5 18:43,20.76,52.20703,92337.21,776.5647,35.5634,0
2025/1/5 18:43,20.76,52.29297,92331.06,776.8747,35.51744,0
2025/1/5 18:43,20.75,52.19238,92330.3,777.1853,34.30083,0
2025/1/5 18:43,20.77,52.20801,92337.98,776.4964,32.12479,0
2025/1/5 18:43,20.76,52.20703,92331.83,777.0482,0.721298,0
2025/1/5 18:43,20.77,52.20801,92341.44,776.1859,1.832053,0
2025/1/5 18:43,20.77,52.20801,92336.06,776.6682,1.55596,0
2025/1/5 18:43,20.77,52.20801,92336.06,776.6682,22.01042,0
2025/1/5 18:43,20.77,52.18262,92336.06,776.6682,1.535072,0
2025/1/5 18:43,20.77,52.20801,92336.06,776.6682,0,0
2025/1/5 18:43,20.77,52.25684,92344.13,775.9446,0,0
2025/1/5 18:43,20.77,52.26953,92335.29,776.7376,36.26076,0
2025/1/5 18:43,20.77,52.28223,92336.06,776.6682,35.88697,0
2025/1/5 18:43,20.77,52.29492,92338.75,776.427,0,0
2025/1/5 18:43,20.77,52.34375,92340.67,776.2541,0,0
2025-01-08 18:25:48,26.0,47.0,1303.0,1012,82,0
2025-01-08 18:27:00,31.0,47.0,1303.0,1012,82,0
2025-01-08 18:28:45,31.0,47.0,1303.0,1012,82,0
2025-01-08 18:37:58,25.0,47.0,1303.0,1012,82,0
2025-01-08 19:01:06,31.0,47.0,1303.0,1912,92,0
2025-01-08 19:03:05,25.0,47.0,1303.0,1912,92,0
2025-01-08 19:05:56,24.7,47.0,1303.0,1912,92,0
2025-01-08 19:08:08,31.0,47.0,1303.0,1912,92,0
2025-04-08 03:32:23,25.5,48.2,1012.8,305.4,186.3,0
2025-04-08 03:34:20,25.5,48.2,1012.8,305.4,186.3,0
2025-04-08 03:34:32,25.6,48.2,1012.8,305.4,186.3,0
2025-04-08 03:34:39,25.700000000000003,48.2,1012.8,305.4,186.3,0
2025-04-08 03:34:46,25.800000000000004,48.2,1012.8,305.4,186.3,0
2025-04-08 03:34:53,25.900000000000006,48.2,1012.8,305.4,186.3,0
2025-04-08 03:35:00,26.000000000000007,48.2,1012.8,305.4,186.3,0
2025-04-08 03:35:07,26.10000000000001,48.2,1012.8,305.4,186.3,0
2025-04-08 03:35:14,26.20000000000001,48.2,1012.8,305.4,186.3,0
2025-04-08 03:35:21,26.30000000000001,48.2,1012.8,305.4,186.3,0
2025-04-08 03:36:24,26.0,48.400000000000006,1012.8,305.4,186.3,0
2025-04-08 03:37:52,26.0,48.400000000000006,1012.8,305.4,186.3,0
2025-04-08 03:37:59,26.5,48.60000000000001,1012.8,305.4,186.3,0
2025-04-08 03:38:06,27.0,48.80000000000001,1012.8,305.4,186.3,0
2025-04-08 03:38:13,27.5,49.000000000000014,1012.8,305.4,186.3,0
2025-04-08 03:38:20,28.0,49.20000000000002,1012.8,305.4,186.3,0
2025-04-08 03:38:27,28.5,49.40000000000002,1012.8,305.4,186.3,0
2025-04-08 03:38:34,29.0,49.60000000000002,1012.8,305.4,186.3,0
2025-04-08 03:38:41,29.5,49.800000000000026,1012.8,305.4,186.3,0
2025-04-08 03:38:48,30.0,50.00000000000003,1012.8,305.4,186.3,0
2025-04-08 03:38:55,30.5,50.20000000000003,1012.8,305.4,186.3,0
2025-04-08 03:40:37,26.0,48.6,1012.8,305.4,186.3,0
2025-04-08 03:40:44,26.5,49.0,1012.8,305.4,186.3,0
2025-04-08 03:40:52,27.0,49.4,1012.8,305.4,186.3,0
2025-04-08 03:40:59,27.5,49.8,1012.8,305.4,186.3,0
2025-04-08 03:41:06,28.0,50.199999999999996,1012.8,305.4,186.3,0
2025-04-08 03:41:13,28.5,50.599999999999994,1012.8,305.4,186.3,0
2025-04-08 03:41:20,29.0,50.99999999999999,1012.8,305.4,186.3,0
2025-04-08 03:41:27,29.5,51.39999999999999,1012.8,305.4,186.3,0
2025-04-08 03:41:34,30.0,51.79999999999999,1012.8,305.4,186.3,0
2025-04-08 03:41:41,30.5,52.19999999999999,1012.8,305.4,186.3,0
2025-04-19 00:09:15,26.0,48.6,1012.8,305.4,186.3,0
2025-04-19 00:09:20,26.5,49.0,1012.8,305.4,186.3,0
2025-04-19 00:09:25,27.0,49.4,1012.8,305.4,186.3,0
2025-04-19 00:09:30,27.5,49.8,1012.8,305.4,186.3,0
2025-04-19 00:09:35,28.0,50.199999999999996,1012.8,305.4,186.3,0
2025-04-19 00:09:40,28.5,50.599999999999994,1012.8,305.4,186.3,0
2025-04-19 00:26:32,,,,,,
2025-04-19 00:26:32,,,,,,
2025-04-19 00:26:39,,,,,,
2025-04-19 00:26:39,,,,,,
2025-04-19 00:26:46,,,,,,
2025-04-19 00:26:46,,,,,,
2025-04-19 00:26:53,,,,,,
2025-04-19 00:26:53,,,,,,
2025-04-19 00:27:00,,,,,,
2025-04-19 00:27:00,,,,,,
2025-04-19 00:27:07,,,,,,
2025-04-19 00:27:07,,,,,,
2025-04-19 00:35:41,25.38,77.3,1006.39,26.99,188,90
2025-04-19 00:35:41,25.38,77.3,1006.39,26.99,188,90
2025-04-19 00:35:48,27.65,62.16,998.71,25.61,612,0
2025-04-19 00:35:48,23.29,59.77,1004.04,35.96,157,90
2025-04-19 00:35:55,24.64,51.29,995.02,18.11,766,0
2025-04-19 00:35:55,29.31,61.15,1002.7,40.23,445,90
2025-04-19 00:36:02,25.1,66.2,1013.99,33.97,709,0
2025-04-19 00:36:02,27.9,67.24,997.18,16.82,352,90
2025-04-19 00:36:09,24.99,79.84,1010.83,32.71,650,0
2025-04-19 00:36:09,23.71,40.69,992.32,29.03,682,90
2025-04-19 00:37:29,22.16,44.09,985.97,22.14,263,90
2025-04-19 00:37:29,22.16,44.09,985.97,22.14,263,90
2025-04-19 00:37:36,29.11,48.29,1012.86,46.98,221,90
2025-04-19 00:37:36,20.96,74.92,984.47,45.54,487,0
2025-04-19 00:37:43,21.52,45.49,998.81,36.32,109,90
2025-04-19 00:37:43,24.19,41.49,1016.35,25.36,418,0
2025-04-19 00:37:50,28.17,47.79,1013.84,17.3,607,0
2025-04-19 00:37:50,28.17,47.79,1013.84,17.3,607,0
2025-04-19 00:38:29,26.17,65.03,1008.24,39.57,426,90
2025-04-19 00:38:29,26.92,65.74,1016.75,32.7,703,0
2025-04-19 00:38:48,29.59,45.84,1009.74,38.16,690,0
2025-04-19 00:38:48,28.59,68.24,994.9,27.43,213,90
2025-04-19 00:38:55,24.62,46.66,995.75,31.3,271,90
2025-04-19 00:38:55,24.39,76.75,1001.42,26.29,240,0
2025-04-19 00:39:07,27.09,58.28,1010.87,21.87,213,0
2025-04-19 00:39:07,20.09,44.56,992.56,49.3,620,90
2025-04-19 00:39:14,24.22,58.22,1009.91,19.27,644,90
2025-04-19 00:39:14,28.9,73.86,1018.85,23.44,198,0
2025-04-19 00:39:22,20.78,59.01,1001.8,49.32,673,0
2025-04-19 00:39:22,24.88,76.98,985.3,25.38,113,90
2025-04-19 00:39:29,28.5,79.35,1000.23,20.9,447,0
2025-04-19 00:39:29,24.87,59.18,997.73,48.16,617,90
2025-04-19 00:39:36,20.12,52.92,988.69,46.27,326,90
2025-04-19 00:39:36,22.58,67.22,999.25,41.39,648,0
2025-04-19 00:39:43,21.69,78.84,991.66,28.78,365,0
2025-04-19 00:39:43,25.96,78.45,991.91,36.6,709,90
2025-04-19 00:39:50,25.6,59.49,980.9,17.19,129,0
2025-04-19 00:39:50,27.95,69.33,994.71,25.76,383,90
2025-04-19 00:40:18,29.97,51.9,1000.62,48.63,190,90
2025-04-19 00:40:18,26.18,64.76,1018.47,46.24,718,0
2025-04-19 00:40:43,29.28,57.0,1009.37,48.24,604,0
2025-04-19 00:40:43,21.86,49.7,985.08,30.46,434,90
2025-04-19 00:40:43,26.97,47.09,1008.26,15.36,525,0
2025-04-19 00:40:43,21.59,57.06,985.49,24.4,376,0
2025-04-19 00:40:50,29.3,41.49,996.37,41.06,267,0
2025-04-19 00:40:50,20.05,67.31,990.93,31.56,565,90
2025-04-19 00:40:50,28.42,78.2,1019.11,34.4,215,0
2025-04-19 00:40:50,25.51,56.31,1001.76,32.59,681,0
2025-04-19 00:40:57,23.23,74.83,986.07,40.76,336,90
2025-04-19 00:40:57,23.23,74.83,986.07,40.76,336,90
2025-04-19 00:40:57,25.44,70.63,1009.74,21.22,129,0
2025-04-19 00:40:57,25.53,55.29,1017.76,22.94,716,0
2025-04-19 00:41:04,24.35,58.38,980.65,17.41,141,90
2025-04-19 00:41:04,24.35,58.38,980.65,17.41,141,90
2025-04-19 00:41:04,24.23,62.97,1008.37,18.16,259,0
2025-04-19 00:41:04,26.67,75.8,996.68,44.37,131,0
2025-04-19 00:41:11,26.19,40.76,994.54,12.69,693,0
2025-04-19 00:41:11,26.11,60.04,1006.2,28.81,241,90
2025-04-19 00:41:11,28.5,44.21,1009.95,21.98,637,0
2025-04-19 00:41:11,28.5,44.21,1009.95,21.98,637,0
2025-04-19 00:41:18,27.32,49.38,1017.92,10.88,401,0
2025-04-19 00:41:18,20.07,41.85,1019.59,36.66,717,90
2025-04-19 00:41:18,29.95,52.32,1017.79,33.89,788,0
2025-04-19 00:41:18,29.95,52.32,1017.79,33.89,788,0
2025-04-19 00:41:25,23.38,45.67,1013.48,11.74,755,0
2025-04-19 00:41:25,24.59,50.88,998.35,18.82,273,0
2025-04-19 00:41:25,22.15,49.1,1005.28,12.06,676,90
2025-04-19 00:41:25,24.73,64.69,1009.74,25.42,327,0
2025-04-19 01:41:12,20.42,65.18,1013.45,30.28,656,0
2025-04-19 01:41:12,20.42,65.18,1013.45,30.28,656,0
2025-04-19 04:58:18,29.0,76.31,1016.08,48.86,414,0
2025-04-19 04:58:18,29.98,56.19,983.73,15.59,271,90
2025-04-19 04:58:18,24.1,42.54,1015.65,17.91,256,0
2025-04-19 04:58:18,29.0,76.31,1016.08,48.86,414,0
2025-04-19 04:58:25,23.25,79.82,999.14,36.11,272,90
2025-04-19 04:58:25,22.04,46.87,985.35,17.29,402,0
2025-04-19 04:58:25,26.06,59.98,996.19,36.08,454,0
2025-04-19 04:58:25,28.07,61.15,982.73,48.22,466,0
2025-04-19 04:59:13,22.71,47.21,988.98,45.31,775,90
2025-04-19 04:59:13,28.91,69.58,1003.52,41.44,206,0
2025-04-19 04:59:13,20.73,59.37,999.15,10.77,744,0
2025-04-19 04:59:13,28.91,69.58,1003.52,41.44,206,0
2025-04-19 04:59:20,23.11,79.75,990.86,43.8,493,0
2025-04-19 04:59:20,20.47,66.55,1017.75,17.7,735,90
2025-04-19 04:59:20,26.65,48.51,986.1,42.02,119,0
2025-04-19 04:59:20,26.65,48.51,986.1,42.02,119,0
2025-04-19 04:59:27,21.96,63.46,1014.01,37.84,519,0
2025-04-19 04:59:27,21.96,63.46,1014.01,37.84,519,0
2025-04-19 04:59:27,26.48,42.53,1001.32,43.19,685,0
2025-04-19 04:59:27,26.48,42.53,1001.32,43.19,685,0
2025-04-19 05:09:53,20.62,77.43,982.87,35.37,177,0
2025-04-19 05:09:53,26.07,61.85,1002.02,37.94,671,90
2025-04-19 05:09:53,23.02,63.2,994.62,22.89,244,0
2025-04-19 05:09:53,20.15,48.15,1015.28,19.32,739,0
2025-04-19 05:10:00,20.55,63.97,997.05,33.87,221,0
2025-04-19 05:10:00,20.55,63.97,997.05,33.87,221,0
2025-04-19 05:10:00,24.66,57.39,1014.43,28.27,183,90
2025-04-19 05:10:00,29.22,56.4,980.34,23.5,454,0
2025-04-19 05:10:07,20.4,43.33,1017.55,16.14,133,0
2025-04-19 05:10:07,20.4,43.33,1017.55,16.14,133,0
2025-04-19 05:10:07,28.32,64.01,1015.74,33.08,261,90
2025-04-19 05:10:07,25.66,71.02,1018.46,14.35,727,0
2025-04-19 05:10:14,21.31,57.15,1013.08,43.06,677,0
2025-04-19 05:10:14,28.91,56.72,1008.75,24.01,124,0
2025-04-19 05:10:14,23.86,49.82,992.24,17.97,507,0
2025-04-19 05:10:14,23.81,54.81,1017.47,17.18,118,90
2025-04-19 05:11:43,22.06,43.14,1011.5,46.06,459,90
2025-04-19 05:11:43,25.66,43.64,996.12,22.91,586,0
2025-04-19 05:11:43,29.91,61.89,1004.76,43.27,202,0
2025-04-19 05:11:43,24.96,43.06,1011.48,46.8,726,0
2025-04-19 05:11:43,24.86,72.84,1012.8,44.24,410,0
2025-04-19 05:11:43,28.97,69.88,988.8,11.78,497,0
2025-04-19 05:11:50,27.47,69.94,1000.81,37.0,497,90
2025-04-19 05:11:50,24.17,52.08,983.54,45.01,199,0
2025-04-19 05:11:50,27.47,69.94,1000.81,37.0,497,90
2025-04-19 05:11:50,27.61,54.4,1008.21,42.1,301,0
2025-04-19 05:11:50,25.13,53.34,1006.42,11.86,516,0
2025-04-19 05:11:50,25.13,53.34,1006.42,11.86,516,0
2025-04-19 05:14:29,25.45,70.58,1015.71,15.77,272,0
2025-04-19 05:14:29,25.45,70.58,1015.71,15.77,272,0
2025-04-19 05:14:29,23.5,64.29,995.53,14.71,583,0
2025-04-19 05:14:29,23.5,64.29,995.53,14.71,583,0
2025-04-19 05:14:29,25.72,44.27,984.86,27.92,622,0
2025-04-19 05:14:29,27.73,56.89,1011.54,42.06,774,0
2025-04-19 05:14:36,22.99,76.72,1012.89,19.83,749,0
2025-04-19 05:14:36,21.92,47.18,983.56,42.89,536,90
2025-04-19 05:14:36,21.05,66.58,1014.61,33.51,112,0
2025-04-19 05:14:36,28.59,41.03,996.95,20.38,190,0
2025-04-19 05:14:36,21.62,69.53,999.6,48.99,683,0
2025-04-19 05:14:36,21.62,69.53,999.6,48.99,683,0
2025-04-19 05:14:43,20.5,62.25,1004.83,41.26,387,0
2025-04-19 05:14:43,29.82,59.88,997.91,34.97,336,90
2025-04-19 05:14:43,20.41,68.7,980.75,35.68,138,0
2025-04-19 05:14:43,27.52,79.02,992.83,10.63,701,0
2025-04-19 05:14:43,20.39,68.33,986.15,23.78,499,0
2025-04-19 05:14:43,26.18,66.49,992.8,39.33,727,0
2025-04-19 05:14:50,25.84,48.74,1007.92,22.92,369,90
2025-04-19 05:14:50,27.55,77.97,991.88,29.44,463,0
2025-04-19 05:14:50,27.52,64.97,1016.96,32.09,109,0
2025-04-19 05:14:50,23.26,61.08,1013.43,11.22,784,0
2025-04-19 05:14:50,27.76,41.93,1000.44,29.05,565,0
2025-04-19 05:14:50,26.09,48.06,1008.55,13.55,724,0
2025-04-19 05:16:23,23.47,45.11,982.11,46.26,591,0
2025-04-19 05:16:23,23.86,56.08,1010.49,11.22,636,0
2025-04-19 05:16:23,20.93,66.97,996.4,27.17,245,0
2025-04-19 05:16:23,20.93,66.97,996.4,27.17,245,0
2025-04-19 05:16:23,20.63,77.01,994.53,46.56,130,0
2025-04-19 05:16:23,20.63,77.01,994.53,46.56,130,0
2025-04-19 05:16:30,20.06,41.76,986.13,45.06,364,0
2025-04-19 05:16:30,24.22,49.62,1001.41,22.87,604,0
2025-04-19 05:16:30,25.52,71.3,990.66,22.32,340,90
2025-04-19 05:16:30,26.27,78.91,984.97,12.14,286,0
2025-04-19 05:16:30,25.38,68.79,1007.01,16.26,302,0
2025-04-19 05:16:30,25.38,68.79,1007.01,16.26,302,0
2025-04-19 05:19:33,26.21,45.29,989.1,42.31,488,0
2025-04-19 05:19:33,22.57,74.42,1003.47,48.5,127,0
2025-04-19 05:19:33,29.24,61.34,1013.96,24.03,298,0
2025-04-19 05:19:33,28.39,46.98,991.26,21.75,560,90
2025-04-19 05:19:33,27.39,66.21,1014.92,14.37,472,0
2025-04-19 05:19:33,27.25,54.37,1012.2,48.98,719,0
2025-04-19 05:19:40,20.47,49.38,1010.82,10.15,687,0
2025-04-19 05:19:40,23.22,77.45,1003.83,45.82,433,0
2025-04-19 05:19:40,24.73,67.55,988.63,46.7,667,0
2025-04-19 05:19:40,26.13,67.34,995.2,49.29,378,0
2025-04-19 05:19:40,23.14,45.53,996.51,46.79,247,90
2025-04-19 05:19:40,22.85,54.5,981.23,10.3,490,0
2025-04-19 05:20:04,25.3,45.01,1008.3,38.79,692,0
2025-04-19 05:20:04,25.3,45.01,1008.3,38.79,692,0
2025-04-19 05:20:04,28.74,42.58,985.86,20.1,193,0
2025-04-19 05:20:04,23.85,63.48,995.05,23.89,382,0
2025-04-19 05:20:04,26.14,48.13,1019.72,16.43,750,90
2025-04-19 05:20:04,26.14,48.13,1019.72,16.43,750,90
2025-04-19 05:20:11,24.9,67.41,1005.85,34.23,518,0
2025-04-19 05:20:11,20.09,45.6,999.09,30.35,136,0
2025-04-19 05:20:11,24.62,57.3,998.25,31.39,794,0
2025-04-19 05:20:11,24.62,57.3,998.25,31.39,794,0
2025-04-19 05:20:11,23.78,56.38,986.26,12.04,494,0
2025-04-19 05:20:11,23.78,56.38,986.26,12.04,494,0
2025-04-19 05:20:39,24.99,60.03,1007.49,43.23,484,0
2025-04-19 05:20:39,28.06,71.79,980.33,46.28,353,0
2025-04-19 05:20:39,28.06,71.79,980.33,46.28,353,0
2025-04-19 05:20:39,25.21,63.8,984.92,46.52,464,90
2025-04-19 05:20:39,25.21,63.8,984.92,46.52,464,90
2025-04-19 05:20:39,25.21,63.8,984.92,46.52,464,90
2025-04-19 05:58:13,29.62,49.52,1014.21,45.92,600,90
2025-04-19 05:58:13,29.62,49.52,1014.21,45.92,600,90
2025-04-19 05:58:20,28.46,57.57,1017.03,18.17,736,0
2025-04-19 05:58:20,24.91,74.55,986.76,38.78,585,90
2025-04-19 05:58:27,24.45,62.4,1005.32,43.82,288,0
2025-04-19 05:58:27,24.45,62.4,1005.32,43.82,288,0
2025-04-19 05:58:34,26.17,58.73,989.84,23.95,713,0
2025-04-19 05:58:34,25.81,49.45,1016.96,35.42,480,90
2025-04-19 05:59:39,24.66,48.19,982.76,41.19,369,0
2025-04-19 05:59:39,24.66,48.19,982.76,41.19,369,0
2025-04-19 05:59:47,20.35,43.35,984.36,46.45,736,0
2025-04-19 05:59:47,20.35,43.35,984.36,46.45,736,0
2025-04-19 05:59:54,27.67,64.75,988.67,48.61,698,90
2025-04-19 05:59:54,27.67,64.75,988.67,48.61,698,90
2025-04-19 06:02:28,23.25,73.88,995.05,42.2,501,0
2025-04-19 06:02:28,23.25,73.88,995.05,42.2,501,0
2025-04-19 06:02:28,23.55,64.02,1017.96,36.61,249,90
2025-04-19 06:02:35,22.59,59.82,1009.41,39.62,639,90
2025-04-19 06:02:35,22.96,70.77,1007.77,11.76,388,0
2025-04-19 06:02:35,22.96,70.77,1007.77,11.76,388,0
2025-04-19 06:02:42,26.87,62.0,1017.9,34.88,169,0
2025-04-19 06:02:42,21.9,45.51,1007.57,22.66,580,0
2025-04-19 06:02:42,25.05,60.54,1011.3,47.1,413,90
2025-04-19 06:02:49,29.53,76.81,982.97,28.73,333,0
2025-04-19 06:02:49,21.31,68.36,1018.18,16.06,398,0
2025-04-19 06:02:49,29.43,68.91,996.71,34.94,480,90
2025-04-19 06:13:08,28.69,57.8,1005.22,46.94,235,90
2025-04-19 06:13:08,28.69,57.8,1005.22,46.94,235,90
2025-04-19 06:13:08,28.69,57.8,1005.22,46.94,235,90
2025-04-19 06:13:15,22.94,65.66,1009.09,25.55,561,90
2025-04-19 06:13:15,27.2,51.0,986.89,49.03,597,0
2025-04-19 06:13:15,27.2,51.0,986.89,49.03,597,0
2025-04-19 06:13:22,26.27,43.2,984.29,23.33,195,90
2025-04-19 06:13:22,25.63,72.21,1017.25,27.46,245,0
2025-04-19 06:13:22,26.1,58.28,1013.86,29.08,415,0
